{"cameraMode":{"drawMode":0,"name":"Shaded","section":"Shading Mode"},"sceneLighting":false,"audioPlay":false,"sceneViewState":{"m_AlwaysRefresh":false,"showFog":true,"showSkybox":false,"showFlares":true,"showImageEffects":true,"showParticleSystems":true,"showVisualEffectGraphs":true,"m_FxEnabled":true},"in2DMode":false,"pivot":{"x":4.000430107116699,"y":0.6123442649841309,"z":1.0099616050720215},"rotation":{"x":-0.03697672486305237,"y":-0.6640621423721314,"z":0.032885804772377017,"w":-0.746170163154602},"size":1.6243419647216797,"orthographic":true}